<?xml version="1.0" encoding="UTF-8" ?>
<XMLDB PATH="blocks/gmail/db" VERSION="20090528" COMMENT="XMLDB file for Moodle blocks/gmail"
    xmlns:xsi="http://www.w3.org/2001/XMLSchema-instance"
    xsi:noNamespaceSchemaLocation="../../../lib/xmldb/xmldb.xsd"
>
  <TABLES>
    <TABLE NAME="block_gmail" COMMENT="Default comment for gmail, please edit me" NEXT="block_gmail_oauth_consumer_token">
      <FIELDS>
        <FIELD NAME="id" TYPE="int" LENGTH="10" NOTNULL="true" UNSIGNED="true" SEQUENCE="true" ENUM="false"/>
      </FIELDS>
      <KEYS>
        <KEY NAME="primary" TYPE="primary" FIELDS="id"/>
      </KEYS>
    </TABLE>
    <TABLE NAME="block_gmail_oauth_consumer_token" COMMENT="block_gmail_oauth_consumer_token for token management " PREVIOUS="block_gmail">
      <FIELDS>
        <FIELD NAME="id" TYPE="int" LENGTH="10" NOTNULL="true" UNSIGNED="true" SEQUENCE="true" ENUM="false" NEXT="user_id"/>
        <FIELD NAME="user_id" TYPE="int" LENGTH="11" NOTNULL="true" UNSIGNED="true" SEQUENCE="false" ENUM="false" PREVIOUS="id" NEXT="token"/>
        <FIELD NAME="token" TYPE="char" LENGTH="64" NOTNULL="true" SEQUENCE="false" ENUM="false" PREVIOUS="user_id" NEXT="token_secret"/>
        <FIELD NAME="token_secret" TYPE="char" LENGTH="64" NOTNULL="true" SEQUENCE="false" ENUM="false" PREVIOUS="token" NEXT="token_type"/>
        <FIELD NAME="token_type" TYPE="char" LENGTH="64" NOTNULL="false" SEQUENCE="false" ENUM="true" ENUMVALUES="'request', 'authorized', 'access'" PREVIOUS="token_secret" NEXT="timestamp"/>
        <FIELD NAME="timestamp" TYPE="int" LENGTH="12" NOTNULL="true" UNSIGNED="true" DEFAULT="0" SEQUENCE="false" ENUM="false" PREVIOUS="token_type"/>
      </FIELDS>
      <KEYS>
        <KEY NAME="primary" TYPE="primary" FIELDS="id"/>
      </KEYS>
    </TABLE>
  </TABLES>
</XMLDB>